source,target,length,length_norm,D_final,D_max,Q_final
0,1,1,1.0,1.0,1.0,0.9999776126931526
1,17,1,1.0,0.6,0.6,0.7221962336624053
17,21,1,1.0,0.6,0.6,0.9999514767516059
21,37,1,1.0,0.4,0.4,0.7272310160419843
37,36,1,1.0,0.8,0.8,-0.7272328614826528
36,40,1,1.0,0.8,0.8,0.6082170746607279
40,41,1,1.0,1.0,1.0,0.3891316374157716
41,42,1,1.0,0.6,0.6,0.28274654729722026
42,58,1,1.0,1.0,1.0,0.28276340426023283
58,59,1,1.0,1.0,1.0,0.4071924764308016
59,63,1,1.0,1.0,1.0,0.40719570811590144
